Construct,Base Mean,Explanation Mean,Mann-Whitney U Stat,Mann-Whitney U p-value,t-test Stat,t-test p-value
Perceived Usefulness,5.25,5.904761904761905,11.0,0.08408220541854133,-1.726693525284158,0.05613997975429222
Perceived Ease of Use,6.166666666666667,5.928571428571429,24.0,0.6936763925266958,0.566683667431705,0.7079218436990407
Self-Efficacy,9.35,8.214285714285714,26.0,0.7858986977751204,1.5428751228639517,0.9154801483792883
Mental Load,12.333333333333334,10.714285714285714,24.5,0.33193273477688734,0.50688713353674,0.31112033739555417
Performance,7.0,3.857142857142857,27.0,0.21312888003958425,1.1370863078913336,0.14798362816486693
Effort,10.666666666666666,9.428571428571429,21.5,0.5,0.38114318184881807,0.35567007629289266
Frustration,10.5,2.5714285714285716,37.5,0.01049916597468762,2.91735104850713,0.010525140697566103
